{
  "mean": 0.041547011583626454,
  "std": 8.756730761976725,
  "min": -43.35321923851782,
  "max": 48.147985590570805,
  "median": 0.1216906035739882,
  "q25": -5.860838692058176,
  "q75": 5.956468927208874,
  "rmse": 8.756829322986773
}